[1,["c1yxg1QkNIhZWIOpzfF+Ge@6c48a"],["_textureSource"],["cc.SpriteFrame"],0,[{"name":"Spygame_SoundWaveIcon","rect":{"x":10,"y":13,"width":108,"height":102},"offset":{"x":0,"y":0},"originalSize":{"width":128,"height":128},"rotated":false,"capInsets":[0,0,0,0],"vertices":{"rawPosition":[-54,-51,0,54,-51,0,-54,51,0,54,51,0],"indexes":[0,1,2,2,1,3],"uv":[10,115,118,115,10,13,118,13],"nuv":[0.078125,0.1015625,0.921875,0.1015625,0.078125,0.8984375,0.921875,0.8984375],"minPos":{"x":-54,"y":-51,"z":0},"maxPos":{"x":54,"y":51,"z":0}},"packable":true,"pixelsToUnit":100,"pivot":{"x":0.5,"y":0.5},"meshType":0}],[0],0,[0],[0],[0]]
