[1,["16KuiaGBBAv7Y8g6DdCOpK@6c48a"],["_textureSource"],["cc.SpriteFrame"],0,[{"name":"KilltextBg","rect":{"x":0,"y":0,"width":633,"height":111},"offset":{"x":0,"y":0},"originalSize":{"width":633,"height":111},"rotated":false,"capInsets":[0,0,0,0],"vertices":{"rawPosition":[-316.5,-55.5,0,316.5,-55.5,0,-316.5,55.5,0,316.5,55.5,0],"indexes":[0,1,2,2,1,3],"uv":[0,111,633,111,0,0,633,0],"nuv":[0,0,1,0,0,1,1,1],"minPos":{"x":-316.5,"y":-55.5,"z":0},"maxPos":{"x":316.5,"y":55.5,"z":0}},"packable":true,"pixelsToUnit":100,"pivot":{"x":0.5,"y":0.5},"meshType":0}],[0],0,[0],[0],[0]]
