[1,["23Ih6OntdJarrVptRLa+lA@6c48a"],["_textureSource"],["cc.SpriteFrame"],0,[{"name":"Spygame_Button","rect":{"x":0,"y":0,"width":357,"height":96},"offset":{"x":0,"y":0},"originalSize":{"width":357,"height":96},"rotated":false,"capInsets":[0,0,0,0],"vertices":{"rawPosition":[-178.5,-48,0,178.5,-48,0,-178.5,48,0,178.5,48,0],"indexes":[0,1,2,2,1,3],"uv":[0,96,357,96,0,0,357,0],"nuv":[0,0,1,0,0,1,1,1],"minPos":{"x":-178.5,"y":-48,"z":0},"maxPos":{"x":178.5,"y":48,"z":0}},"packable":true,"pixelsToUnit":100,"pivot":{"x":0.5,"y":0.5},"meshType":0}],[0],0,[0],[0],[0]]
