[1,["c9aHDZ2PFIua8e8SAlWZEn@6c48a"],["_textureSource"],["cc.SpriteFrame"],0,[{"name":"PowerupMenuBg","rect":{"x":0,"y":0,"width":512,"height":764},"offset":{"x":0,"y":0},"originalSize":{"width":512,"height":764},"rotated":false,"capInsets":[0,0,0,0],"vertices":{"rawPosition":[-256,-382,0,256,-382,0,-256,382,0,256,382,0],"indexes":[0,1,2,2,1,3],"uv":[0,764,512,764,0,0,512,0],"nuv":[0,0,1,0,0,1,1,1],"minPos":{"x":-256,"y":-382,"z":0},"maxPos":{"x":256,"y":382,"z":0}},"packable":true,"pixelsToUnit":100,"pivot":{"x":0.5,"y":0.5},"meshType":0}],[0],0,[0],[0],[0]]
