[1,["8fRXhNJf5LuqbOTqgXpRMp@6c48a"],["_textureSource"],["cc.SpriteFrame"],0,[{"name":"MicIcon","rect":{"x":15,"y":4,"width":58,"height":80},"offset":{"x":0,"y":0},"originalSize":{"width":88,"height":88},"rotated":false,"capInsets":[0,0,0,0],"vertices":{"rawPosition":[-29,-40,0,29,-40,0,-29,40,0,29,40,0],"indexes":[0,1,2,2,1,3],"uv":[15,84,73,84,15,4,73,4],"nuv":[0.17045454545454544,0.045454545454545456,0.8295454545454546,0.045454545454545456,0.17045454545454544,0.9545454545454546,0.8295454545454546,0.9545454545454546],"minPos":{"x":-29,"y":-40,"z":0},"maxPos":{"x":29,"y":40,"z":0}},"packable":true,"pixelsToUnit":100,"pivot":{"x":0.5,"y":0.5},"meshType":0}],[0],0,[0],[0],[0]]
