[1,["0fhKc8uk9CaagLm0yRODEY@6c48a"],["_textureSource"],["cc.SpriteFrame"],0,[{"name":"PawnRipple03","rect":{"x":26,"y":26,"width":68,"height":68},"offset":{"x":0,"y":0},"originalSize":{"width":120,"height":120},"rotated":false,"capInsets":[0,0,0,0],"vertices":{"rawPosition":[-34,-34,0,34,-34,0,-34,34,0,34,34,0],"indexes":[0,1,2,2,1,3],"uv":[26,94,94,94,26,26,94,26],"nuv":[0.21666666666666667,0.21666666666666667,0.7833333333333333,0.21666666666666667,0.21666666666666667,0.7833333333333333,0.7833333333333333,0.7833333333333333],"minPos":{"x":-34,"y":-34,"z":0},"maxPos":{"x":34,"y":34,"z":0}},"packable":true,"pixelsToUnit":100,"pivot":{"x":0.5,"y":0.5},"meshType":0}],[0],0,[0],[0],[0]]
