[1,["624pEOb6lFv5+kpk82FSyn@6c48a"],["_textureSource"],["cc.SpriteFrame"],0,[{"name":"Mic_fill","rect":{"x":0,"y":0,"width":15,"height":34},"offset":{"x":0,"y":0},"originalSize":{"width":15,"height":34},"rotated":false,"capInsets":[0,0,0,0],"vertices":{"rawPosition":[-7.5,-17,0,7.5,-17,0,-7.5,17,0,7.5,17,0],"indexes":[0,1,2,2,1,3],"uv":[0,34,15,34,0,0,15,0],"nuv":[0,0,1,0,0,1,1,1],"minPos":{"x":-7.5,"y":-17,"z":0},"maxPos":{"x":7.5,"y":17,"z":0}},"packable":true,"pixelsToUnit":100,"pivot":{"x":0.5,"y":0.5},"meshType":0}],[0],0,[0],[0],[0]]
