[1,["e8wUzHbnxD1puUQdWfSuQM@6c48a"],["_textureSource"],["cc.SpriteFrame"],0,[{"name":"PawnFire03","rect":{"x":9,"y":3,"width":102,"height":183},"offset":{"x":0,"y":0.5},"originalSize":{"width":120,"height":190},"rotated":false,"capInsets":[0,0,0,0],"vertices":{"rawPosition":[-51,-91.5,0,51,-91.5,0,-51,91.5,0,51,91.5,0],"indexes":[0,1,2,2,1,3],"uv":[9,187,111,187,9,4,111,4],"nuv":[0.075,0.021052631578947368,0.925,0.021052631578947368,0.075,0.9842105263157894,0.925,0.9842105263157894],"minPos":{"x":-51,"y":-91.5,"z":0},"maxPos":{"x":51,"y":91.5,"z":0}},"packable":true,"pixelsToUnit":100,"pivot":{"x":0.5,"y":0.5},"meshType":0}],[0],0,[0],[0],[0]]
