[1,["6cnd8WZidNGZ/0w+m4ADog@6c48a"],["_textureSource"],["cc.SpriteFrame"],0,[{"name":"WhiteColorFlash","rect":{"x":0,"y":0,"width":540,"height":960},"offset":{"x":0,"y":0},"originalSize":{"width":540,"height":960},"rotated":false,"capInsets":[0,0,0,0],"vertices":{"rawPosition":[-270,-480,0,270,-480,0,-270,480,0,270,480,0],"indexes":[0,1,2,2,1,3],"uv":[0,960,540,960,0,0,540,0],"nuv":[0,0,1,0,0,1,1,1],"minPos":{"x":-270,"y":-480,"z":0},"maxPos":{"x":270,"y":480,"z":0}},"packable":true,"pixelsToUnit":100,"pivot":{"x":0.5,"y":0.5},"meshType":0}],[0],0,[0],[0],[0]]
