[1,["10CJ9/vOlDTphGGnHnoOKx@6c48a"],["_textureSource"],["cc.SpriteFrame"],0,[{"name":"Spygame_FinalScreenTitleBG","rect":{"x":0,"y":0,"width":585,"height":144},"offset":{"x":-0.5,"y":0},"originalSize":{"width":586,"height":144},"rotated":false,"capInsets":[0,0,0,0],"vertices":{"rawPosition":[-292.5,-72,0,292.5,-72,0,-292.5,72,0,292.5,72,0],"indexes":[0,1,2,2,1,3],"uv":[0,144,585,144,0,0,585,0],"nuv":[0,0,0.9982935153583617,0,0,1,0.9982935153583617,1],"minPos":{"x":-292.5,"y":-72,"z":0},"maxPos":{"x":292.5,"y":72,"z":0}},"packable":true,"pixelsToUnit":100,"pivot":{"x":0.5,"y":0.5},"meshType":0}],[0],0,[0],[0],[0]]
