[1,["dc/DsqoCdGGIhYpn2+DudR@6c48a"],["_textureSource"],["cc.SpriteFrame"],0,[{"name":"08","rect":{"x":19,"y":42,"width":112,"height":66},"offset":{"x":0,"y":0},"originalSize":{"width":150,"height":150},"rotated":false,"capInsets":[0,0,0,0],"vertices":{"rawPosition":[-56,-33,0,56,-33,0,-56,33,0,56,33,0],"indexes":[0,1,2,2,1,3],"uv":[19,108,131,108,19,42,131,42],"nuv":[0.12666666666666668,0.28,0.8733333333333333,0.28,0.12666666666666668,0.72,0.8733333333333333,0.72],"minPos":{"x":-56,"y":-33,"z":0},"maxPos":{"x":56,"y":33,"z":0}},"packable":true,"pixelsToUnit":100,"pivot":{"x":0.5,"y":0.5},"meshType":0}],[0],0,[0],[0],[0]]
