[1,["cftQqTMeNEX4+TAHmfxCvM@6c48a"],["_textureSource"],["cc.SpriteFrame"],0,[{"name":"DeathIcon","rect":{"x":6,"y":5,"width":88,"height":91},"offset":{"x":0,"y":-0.5},"originalSize":{"width":100,"height":100},"rotated":false,"capInsets":[0,0,0,0],"vertices":{"rawPosition":[-44,-45.5,0,44,-45.5,0,-44,45.5,0,44,45.5,0],"indexes":[0,1,2,2,1,3],"uv":[6,95,94,95,6,4,94,4],"nuv":[0.06,0.04,0.94,0.04,0.06,0.95,0.94,0.95],"minPos":{"x":-44,"y":-45.5,"z":0},"maxPos":{"x":44,"y":45.5,"z":0}},"packable":true,"pixelsToUnit":100,"pivot":{"x":0.5,"y":0.5},"meshType":0}],[0],0,[0],[0],[0]]
