[1,["cfy74aQ3ZEfpZ8n4V/TDv6@6c48a"],["_textureSource"],["cc.SpriteFrame"],0,[{"name":"ExtraTurn on 6","rect":{"x":73,"y":100,"width":397,"height":412},"offset":{"x":15.5,"y":-50},"originalSize":{"width":512,"height":512},"rotated":false,"capInsets":[0,0,0,0],"vertices":{"rawPosition":[-198.5,-206,0,198.5,-206,0,-198.5,206,0,198.5,206,0],"indexes":[0,1,2,2,1,3],"uv":[73,412,470,412,73,0,470,0],"nuv":[0.142578125,0,0.91796875,0,0.142578125,0.8046875,0.91796875,0.8046875],"minPos":{"x":-198.5,"y":-206,"z":0},"maxPos":{"x":198.5,"y":206,"z":0}},"packable":true,"pixelsToUnit":100,"pivot":{"x":0.5,"y":0.5},"meshType":0}],[0],0,[0],[0],[0]]
