[1,["7fZGPxU7dJFotC3NkrcNKZ@6c48a"],["_textureSource"],["cc.SpriteFrame"],0,[{"name":"PawnRipple01","rect":{"x":36,"y":36,"width":48,"height":48},"offset":{"x":0,"y":0},"originalSize":{"width":120,"height":120},"rotated":false,"capInsets":[0,0,0,0],"vertices":{"rawPosition":[-24,-24,0,24,-24,0,-24,24,0,24,24,0],"indexes":[0,1,2,2,1,3],"uv":[36,84,84,84,36,36,84,36],"nuv":[0.3,0.3,0.7,0.3,0.3,0.7,0.7,0.7],"minPos":{"x":-24,"y":-24,"z":0},"maxPos":{"x":24,"y":24,"z":0}},"packable":true,"pixelsToUnit":100,"pivot":{"x":0.5,"y":0.5},"meshType":0}],[0],0,[0],[0],[0]]
