[1,["d6Wa7KXgNFbpHj/eTyAwbN@6c48a"],["_textureSource"],["cc.SpriteFrame"],0,[{"name":"12","rect":{"x":19,"y":49,"width":112,"height":52},"offset":{"x":0,"y":0},"originalSize":{"width":150,"height":150},"rotated":false,"capInsets":[0,0,0,0],"vertices":{"rawPosition":[-56,-26,0,56,-26,0,-56,26,0,56,26,0],"indexes":[0,1,2,2,1,3],"uv":[19,101,131,101,19,49,131,49],"nuv":[0.12666666666666668,0.32666666666666666,0.8733333333333333,0.32666666666666666,0.12666666666666668,0.6733333333333333,0.8733333333333333,0.6733333333333333],"minPos":{"x":-56,"y":-26,"z":0},"maxPos":{"x":56,"y":26,"z":0}},"packable":true,"pixelsToUnit":100,"pivot":{"x":0.5,"y":0.5},"meshType":0}],[0],0,[0],[0],[0]]
