[1,["8eRTXYd4hGzLYzDmcOYmme@6c48a"],["_textureSource"],["cc.SpriteFrame"],0,[{"name":"PawnRipple05","rect":{"x":16,"y":16,"width":88,"height":88},"offset":{"x":0,"y":0},"originalSize":{"width":120,"height":120},"rotated":false,"capInsets":[0,0,0,0],"vertices":{"rawPosition":[-44,-44,0,44,-44,0,-44,44,0,44,44,0],"indexes":[0,1,2,2,1,3],"uv":[16,104,104,104,16,16,104,16],"nuv":[0.13333333333333333,0.13333333333333333,0.8666666666666667,0.13333333333333333,0.13333333333333333,0.8666666666666667,0.8666666666666667,0.8666666666666667],"minPos":{"x":-44,"y":-44,"z":0},"maxPos":{"x":44,"y":44,"z":0}},"packable":true,"pixelsToUnit":100,"pivot":{"x":0.5,"y":0.5},"meshType":0}],[0],0,[0],[0],[0]]
