[1,["e8cptKtGBE54AJ7BtYe5M8@6c48a"],["_textureSource"],["cc.SpriteFrame"],0,[{"name":"Spygame_TopWord_VillBG","rect":{"x":0,"y":0,"width":503,"height":148},"offset":{"x":0,"y":0},"originalSize":{"width":503,"height":148},"rotated":false,"capInsets":[0,0,0,0],"vertices":{"rawPosition":[-251.5,-74,0,251.5,-74,0,-251.5,74,0,251.5,74,0],"indexes":[0,1,2,2,1,3],"uv":[0,148,503,148,0,0,503,0],"nuv":[0,0,1,0,0,1,1,1],"minPos":{"x":-251.5,"y":-74,"z":0},"maxPos":{"x":251.5,"y":74,"z":0}},"packable":true,"pixelsToUnit":100,"pivot":{"x":0.5,"y":0.5},"meshType":0}],[0],0,[0],[0],[0]]
