[1,["e0Q5zTJmlO1Ybru0SsM3U0@6c48a"],["_textureSource"],["cc.SpriteFrame"],0,[{"name":"Who's the spy_ skull","rect":{"x":6,"y":6,"width":68,"height":68},"offset":{"x":0,"y":0},"originalSize":{"width":80,"height":80},"rotated":false,"capInsets":[0,0,0,0],"vertices":{"rawPosition":[-34,-34,0,34,-34,0,-34,34,0,34,34,0],"indexes":[0,1,2,2,1,3],"uv":[6,74,74,74,6,6,74,6],"nuv":[0.075,0.075,0.925,0.075,0.075,0.925,0.925,0.925],"minPos":{"x":-34,"y":-34,"z":0},"maxPos":{"x":34,"y":34,"z":0}},"packable":true,"pixelsToUnit":100,"pivot":{"x":0.5,"y":0.5},"meshType":0}],[0],0,[0],[0],[0]]
