[1,["e0CmAif6xEVro6WSFGVbbJ@6c48a"],["_textureSource"],["cc.SpriteFrame"],0,[{"name":"Ludo_DiceSelectionBase","rect":{"x":5,"y":0,"width":277,"height":123},"offset":{"x":2.5,"y":0},"originalSize":{"width":282,"height":123},"rotated":false,"capInsets":[0,0,0,0],"vertices":{"rawPosition":[-138.5,-61.5,0,138.5,-61.5,0,-138.5,61.5,0,138.5,61.5,0],"indexes":[0,1,2,2,1,3],"uv":[5,123,282,123,5,0,282,0],"nuv":[0.01773049645390071,0,1,0,0.01773049645390071,1,1,1],"minPos":{"x":-138.5,"y":-61.5,"z":0},"maxPos":{"x":138.5,"y":61.5,"z":0}},"packable":true,"pixelsToUnit":100,"pivot":{"x":0.5,"y":0.5},"meshType":0}],[0],0,[0],[0],[0]]
