[1,["2busuDtctFMalqpKhMtjm6@6c48a"],["_textureSource"],["cc.SpriteFrame"],0,[{"name":"PawnRipple02","rect":{"x":31,"y":31,"width":58,"height":58},"offset":{"x":0,"y":0},"originalSize":{"width":120,"height":120},"rotated":false,"capInsets":[0,0,0,0],"vertices":{"rawPosition":[-29,-29,0,29,-29,0,-29,29,0,29,29,0],"indexes":[0,1,2,2,1,3],"uv":[31,89,89,89,31,31,89,31],"nuv":[0.25833333333333336,0.25833333333333336,0.7416666666666667,0.25833333333333336,0.25833333333333336,0.7416666666666667,0.7416666666666667,0.7416666666666667],"minPos":{"x":-29,"y":-29,"z":0},"maxPos":{"x":29,"y":29,"z":0}},"packable":true,"pixelsToUnit":100,"pivot":{"x":0.5,"y":0.5},"meshType":0}],[0],0,[0],[0],[0]]
