[1,["93bVMj3BNGhZ1TSm+yjXfK@6c48a"],["_textureSource"],["cc.SpriteFrame"],0,[{"name":"dice outcomes","rect":{"x":0,"y":0,"width":450,"height":238},"offset":{"x":-1,"y":1},"originalSize":{"width":452,"height":240},"rotated":false,"capInsets":[0,0,0,0],"vertices":{"rawPosition":[-225,-119,0,225,-119,0,-225,119,0,225,119,0],"indexes":[0,1,2,2,1,3],"uv":[0,240,450,240,0,2,450,2],"nuv":[0,0.008333333333333333,0.995575221238938,0.008333333333333333,0,1,0.995575221238938,1],"minPos":{"x":-225,"y":-119,"z":0},"maxPos":{"x":225,"y":119,"z":0}},"packable":true,"pixelsToUnit":100,"pivot":{"x":0.5,"y":0.5},"meshType":0}],[0],0,[0],[0],[0]]
