[1,["9aWglQt+lJ9J+75qphOUyu@6c48a"],["_textureSource"],["cc.SpriteFrame"],0,[{"name":"Ludo_Milo_Board","rect":{"x":0,"y":1,"width":1080,"height":1125},"offset":{"x":0,"y":-0.5},"originalSize":{"width":1080,"height":1126},"rotated":false,"capInsets":[0,0,0,0],"vertices":{"rawPosition":[-540,-562.5,0,540,-562.5,0,-540,562.5,0,540,562.5,0],"indexes":[0,1,2,2,1,3],"uv":[0,1125,1080,1125,0,0,1080,0],"nuv":[0,0,1,0,0,0.9991119005328597,1,0.9991119005328597],"minPos":{"x":-540,"y":-562.5,"z":0},"maxPos":{"x":540,"y":562.5,"z":0}},"packable":true,"pixelsToUnit":100,"pivot":{"x":0.5,"y":0.5},"meshType":0}],[0],0,[0],[0],[0]]
