[1,["a6avOzqJdAba1zflSMGW/+@6c48a"],["_textureSource"],["cc.SpriteFrame"],0,[{"name":"PawnRipple04","rect":{"x":21,"y":21,"width":78,"height":78},"offset":{"x":0,"y":0},"originalSize":{"width":120,"height":120},"rotated":false,"capInsets":[0,0,0,0],"vertices":{"rawPosition":[-39,-39,0,39,-39,0,-39,39,0,39,39,0],"indexes":[0,1,2,2,1,3],"uv":[21,99,99,99,21,21,99,21],"nuv":[0.175,0.175,0.825,0.175,0.175,0.825,0.825,0.825],"minPos":{"x":-39,"y":-39,"z":0},"maxPos":{"x":39,"y":39,"z":0}},"packable":true,"pixelsToUnit":100,"pivot":{"x":0.5,"y":0.5},"meshType":0}],[0],0,[0],[0],[0]]
