[1,["e1owXFeEtFLZBHk369/eNJ@6c48a"],["_textureSource"],["cc.SpriteFrame"],0,[{"name":"05","rect":{"x":19,"y":36,"width":112,"height":78},"offset":{"x":0,"y":0},"originalSize":{"width":150,"height":150},"rotated":false,"capInsets":[0,0,0,0],"vertices":{"rawPosition":[-56,-39,0,56,-39,0,-56,39,0,56,39,0],"indexes":[0,1,2,2,1,3],"uv":[19,114,131,114,19,36,131,36],"nuv":[0.12666666666666668,0.24,0.8733333333333333,0.24,0.12666666666666668,0.76,0.8733333333333333,0.76],"minPos":{"x":-56,"y":-39,"z":0},"maxPos":{"x":56,"y":39,"z":0}},"packable":true,"pixelsToUnit":100,"pivot":{"x":0.5,"y":0.5},"meshType":0}],[0],0,[0],[0],[0]]
