[1,["84ElsprVpGT6GP3oICZu5L@6c48a"],["_textureSource"],["cc.SpriteFrame"],0,[{"name":"ButtonBg","rect":{"x":0,"y":0,"width":1083,"height":165},"offset":{"x":0,"y":0},"originalSize":{"width":1083,"height":165},"rotated":false,"capInsets":[0,0,0,0],"vertices":{"rawPosition":[-541.5,-82.5,0,541.5,-82.5,0,-541.5,82.5,0,541.5,82.5,0],"indexes":[0,1,2,2,1,3],"uv":[0,165,1083,165,0,0,1083,0],"nuv":[0,0,1,0,0,1,1,1],"minPos":{"x":-541.5,"y":-82.5,"z":0},"maxPos":{"x":541.5,"y":82.5,"z":0}},"packable":true,"pixelsToUnit":100,"pivot":{"x":0.5,"y":0.5},"meshType":0}],[0],0,[0],[0],[0]]
