[1,["b625Qur7pL8rrRxM043elh@6c48a"],["_textureSource"],["cc.SpriteFrame"],0,[{"name":"Ludo_Milo_Board_BG","rect":{"x":0,"y":0,"width":1432,"height":1447},"offset":{"x":0,"y":0},"originalSize":{"width":1432,"height":1447},"rotated":false,"capInsets":[0,0,0,0],"vertices":{"rawPosition":[-716,-723.5,0,716,-723.5,0,-716,723.5,0,716,723.5,0],"indexes":[0,1,2,2,1,3],"uv":[0,1447,1432,1447,0,0,1432,0],"nuv":[0,0,1,0,0,1,1,1],"minPos":{"x":-716,"y":-723.5,"z":0},"maxPos":{"x":716,"y":723.5,"z":0}},"packable":true,"pixelsToUnit":100,"pivot":{"x":0.5,"y":0.5},"meshType":0}],[0],0,[0],[0],[0]]
