[1,["65g/1It1xKKajJW1cOixX+@6c48a"],["_textureSource"],["cc.SpriteFrame"],0,[{"name":"PawnRipple06","rect":{"x":11,"y":11,"width":98,"height":98},"offset":{"x":0,"y":0},"originalSize":{"width":120,"height":120},"rotated":false,"capInsets":[0,0,0,0],"vertices":{"rawPosition":[-49,-49,0,49,-49,0,-49,49,0,49,49,0],"indexes":[0,1,2,2,1,3],"uv":[11,109,109,109,11,11,109,11],"nuv":[0.09166666666666666,0.09166666666666666,0.9083333333333333,0.09166666666666666,0.09166666666666666,0.9083333333333333,0.9083333333333333,0.9083333333333333],"minPos":{"x":-49,"y":-49,"z":0},"maxPos":{"x":49,"y":49,"z":0}},"packable":true,"pixelsToUnit":100,"pivot":{"x":0.5,"y":0.5},"meshType":0}],[0],0,[0],[0],[0]]
