[1,["03XHToIl5PjLiFLtce9ukS@6c48a"],["_textureSource"],["cc.SpriteFrame"],0,[{"name":"Sun Brust","rect":{"x":0,"y":0,"width":511,"height":511},"offset":{"x":-0.5,"y":0.5},"originalSize":{"width":512,"height":512},"rotated":false,"capInsets":[0,0,0,0],"vertices":{"rawPosition":[-255.5,-255.5,0,255.5,-255.5,0,-255.5,255.5,0,255.5,255.5,0],"indexes":[0,1,2,2,1,3],"uv":[0,512,511,512,0,1,511,1],"nuv":[0,0.001953125,0.998046875,0.001953125,0,1,0.998046875,1],"minPos":{"x":-255.5,"y":-255.5,"z":0},"maxPos":{"x":255.5,"y":255.5,"z":0}},"packable":true,"pixelsToUnit":100,"pivot":{"x":0.5,"y":0.5},"meshType":0}],[0],0,[0],[0],[0]]
