[1,["41QNSCVw5GvJLllisnoVfX@6c48a"],["_textureSource"],["cc.SpriteFrame"],0,[{"name":"dice_03","rect":{"x":4,"y":1,"width":102,"height":108},"offset":{"x":0,"y":0},"originalSize":{"width":110,"height":110},"rotated":false,"capInsets":[0,0,0,0],"vertices":{"rawPosition":[-51,-54,0,51,-54,0,-51,54,0,51,54,0],"indexes":[0,1,2,2,1,3],"uv":[4,109,106,109,4,1,106,1],"nuv":[0.03636363636363636,0.00909090909090909,0.9636363636363636,0.00909090909090909,0.03636363636363636,0.990909090909091,0.9636363636363636,0.990909090909091],"minPos":{"x":-51,"y":-54,"z":0},"maxPos":{"x":51,"y":54,"z":0}},"packable":true,"pixelsToUnit":100,"pivot":{"x":0.5,"y":0.5},"meshType":0}],[0],0,[0],[0],[0]]
