[1,["59ciaQN/5AEIv6UjnQNt39@6c48a"],["_textureSource"],["cc.SpriteFrame"],0,[{"name":"pawns","rect":{"x":0,"y":0,"width":60,"height":652},"offset":{"x":0,"y":1},"originalSize":{"width":60,"height":654},"rotated":false,"capInsets":[0,0,0,0],"vertices":{"rawPosition":[-30,-326,0,30,-326,0,-30,326,0,30,326,0],"indexes":[0,1,2,2,1,3],"uv":[0,654,60,654,0,2,60,2],"nuv":[0,0.0030581039755351682,1,0.0030581039755351682,0,1,1,1],"minPos":{"x":-30,"y":-326,"z":0},"maxPos":{"x":30,"y":326,"z":0}},"packable":true,"pixelsToUnit":100,"pivot":{"x":0.5,"y":0.5},"meshType":0}],[0],0,[0],[0],[0]]
