[1,["52t/1xCGRACbOfAYuGT3pF@6c48a"],["_textureSource"],["cc.SpriteFrame"],0,[{"name":"Ladder","rect":{"x":14,"y":3,"width":74,"height":95},"offset":{"x":1,"y":-0.5},"originalSize":{"width":100,"height":100},"rotated":false,"capInsets":[0,0,0,0],"vertices":{"rawPosition":[-37,-47.5,0,37,-47.5,0,-37,47.5,0,37,47.5,0],"indexes":[0,1,2,2,1,3],"uv":[14,97,88,97,14,2,88,2],"nuv":[0.14,0.02,0.88,0.02,0.14,0.97,0.88,0.97],"minPos":{"x":-37,"y":-47.5,"z":0},"maxPos":{"x":37,"y":47.5,"z":0}},"packable":true,"pixelsToUnit":100,"pivot":{"x":0.5,"y":0.5},"meshType":0}],[0],0,[0],[0],[0]]
