[1,["86TFuFBCpHYrxaiVBK4tPU@6c48a"],["_textureSource"],["cc.SpriteFrame"],0,[{"name":"dice roll","rect":{"x":6,"y":13,"width":792,"height":752},"offset":{"x":2,"y":11},"originalSize":{"width":800,"height":800},"rotated":false,"capInsets":[0,0,0,0],"vertices":{"rawPosition":[-396,-376,0,396,-376,0,-396,376,0,396,376,0],"indexes":[0,1,2,2,1,3],"uv":[6,787,798,787,6,35,798,35],"nuv":[0.0075,0.04375,0.9975,0.04375,0.0075,0.98375,0.9975,0.98375],"minPos":{"x":-396,"y":-376,"z":0},"maxPos":{"x":396,"y":376,"z":0}},"packable":true,"pixelsToUnit":100,"pivot":{"x":0.5,"y":0.5},"meshType":0}],[0],0,[0],[0],[0]]
