[1,["158OKoC4BE+4GC2T48S7JZ@6c48a"],["_textureSource"],["cc.SpriteFrame"],0,[{"name":"Spygame_FinalScreenSpyBox","rect":{"x":0,"y":0,"width":752,"height":298},"offset":{"x":0,"y":0},"originalSize":{"width":752,"height":298},"rotated":false,"capInsets":[0,0,0,0],"vertices":{"rawPosition":[-376,-149,0,376,-149,0,-376,149,0,376,149,0],"indexes":[0,1,2,2,1,3],"uv":[0,298,752,298,0,0,752,0],"nuv":[0,0,1,0,0,1,1,1],"minPos":{"x":-376,"y":-149,"z":0},"maxPos":{"x":376,"y":149,"z":0}},"packable":true,"pixelsToUnit":100,"pivot":{"x":0.5,"y":0.5},"meshType":0}],[0],0,[0],[0],[0]]
