[1,["6fHAw21Z1Mh4Ed7aTnzGfo@6c48a"],["_textureSource"],["cc.SpriteFrame"],0,[{"name":"Ludo_leaderboard_BG","rect":{"x":0,"y":0,"width":1032,"height":1126},"offset":{"x":0,"y":0},"originalSize":{"width":1032,"height":1126},"rotated":false,"capInsets":[0,0,0,0],"vertices":{"rawPosition":[-516,-563,0,516,-563,0,-516,563,0,516,563,0],"indexes":[0,1,2,2,1,3],"uv":[0,1126,1032,1126,0,0,1032,0],"nuv":[0,0,1,0,0,1,1,1],"minPos":{"x":-516,"y":-563,"z":0},"maxPos":{"x":516,"y":563,"z":0}},"packable":true,"pixelsToUnit":100,"pivot":{"x":0.5,"y":0.5},"meshType":0}],[0],0,[0],[0],[0]]
