[1,["8831SaXHhJD5MD0g36tYRD@6c48a"],["_textureSource"],["cc.SpriteFrame"],0,[{"name":"BombExplosion","rect":{"x":2,"y":9,"width":1687,"height":391},"offset":{"x":-6.5,"y":-4.5},"originalSize":{"width":1704,"height":400},"rotated":false,"capInsets":[0,0,0,0],"vertices":{"rawPosition":[-843.5,-195.5,0,843.5,-195.5,0,-843.5,195.5,0,843.5,195.5,0],"indexes":[0,1,2,2,1,3],"uv":[2,391,1689,391,2,0,1689,0],"nuv":[0.0011737089201877935,0,0.9911971830985915,0,0.0011737089201877935,0.9775,0.9911971830985915,0.9775],"minPos":{"x":-843.5,"y":-195.5,"z":0},"maxPos":{"x":843.5,"y":195.5,"z":0}},"packable":true,"pixelsToUnit":100,"pivot":{"x":0.5,"y":0.5},"meshType":0}],[0],0,[0],[0],[0]]
