[1,["c8Xq9qr2RLiYsegVYCY+4b@6c48a"],["_textureSource"],["cc.SpriteFrame"],0,[{"name":"RocketFire","rect":{"x":4,"y":1,"width":467,"height":188},"offset":{"x":-2.5,"y":0},"originalSize":{"width":480,"height":190},"rotated":false,"capInsets":[0,0,0,0],"vertices":{"rawPosition":[-233.5,-94,0,233.5,-94,0,-233.5,94,0,233.5,94,0],"indexes":[0,1,2,2,1,3],"uv":[4,189,471,189,4,1,471,1],"nuv":[0.008333333333333333,0.005263157894736842,0.98125,0.005263157894736842,0.008333333333333333,0.9947368421052631,0.98125,0.9947368421052631],"minPos":{"x":-233.5,"y":-94,"z":0},"maxPos":{"x":233.5,"y":94,"z":0}},"packable":true,"pixelsToUnit":100,"pivot":{"x":0.5,"y":0.5},"meshType":0}],[0],0,[0],[0],[0]]
