[1,["dcb0wyWnBFfr7AGLkgHUhk@6c48a"],["_textureSource"],["cc.SpriteFrame"],0,[{"name":"ShieldAnimNew05","rect":{"x":37,"y":23,"width":181,"height":210},"offset":{"x":-0.5,"y":0},"originalSize":{"width":256,"height":256},"rotated":false,"capInsets":[0,0,0,0],"vertices":{"rawPosition":[-90.5,-105,0,90.5,-105,0,-90.5,105,0,90.5,105,0],"indexes":[0,1,2,2,1,3],"uv":[37,233,218,233,37,23,218,23],"nuv":[0.14453125,0.08984375,0.8515625,0.08984375,0.14453125,0.91015625,0.8515625,0.91015625],"minPos":{"x":-90.5,"y":-105,"z":0},"maxPos":{"x":90.5,"y":105,"z":0}},"packable":true,"pixelsToUnit":100,"pivot":{"x":0.5,"y":0.5},"meshType":0}],[0],0,[0],[0],[0]]
