[1,["1fijRcQYVFzYOnWDbGMJnz@6c48a"],["_textureSource"],["cc.SpriteFrame"],0,[{"name":"ladders","rect":{"x":0,"y":0,"width":41,"height":1017},"offset":{"x":0,"y":0},"originalSize":{"width":41,"height":1017},"rotated":false,"capInsets":[0,0,0,0],"vertices":{"rawPosition":[-20.5,-508.5,0,20.5,-508.5,0,-20.5,508.5,0,20.5,508.5,0],"indexes":[0,1,2,2,1,3],"uv":[0,1017,41,1017,0,0,41,0],"nuv":[0,0,1,0,0,1,1,1],"minPos":{"x":-20.5,"y":-508.5,"z":0},"maxPos":{"x":20.5,"y":508.5,"z":0}},"packable":true,"pixelsToUnit":100,"pivot":{"x":0.5,"y":0.5},"meshType":0}],[0],0,[0],[0],[0]]
