[1,["cdob6OsRBDZq2UE1MsiGZ1@6c48a"],["_textureSource"],["cc.SpriteFrame"],0,[{"name":"dice_04","rect":{"x":1,"y":4,"width":108,"height":102},"offset":{"x":0,"y":0},"originalSize":{"width":110,"height":110},"rotated":false,"capInsets":[0,0,0,0],"vertices":{"rawPosition":[-54,-51,0,54,-51,0,-54,51,0,54,51,0],"indexes":[0,1,2,2,1,3],"uv":[1,106,109,106,1,4,109,4],"nuv":[0.00909090909090909,0.03636363636363636,0.990909090909091,0.03636363636363636,0.00909090909090909,0.9636363636363636,0.990909090909091,0.9636363636363636],"minPos":{"x":-54,"y":-51,"z":0},"maxPos":{"x":54,"y":51,"z":0}},"packable":true,"pixelsToUnit":100,"pivot":{"x":0.5,"y":0.5},"meshType":0}],[0],0,[0],[0],[0]]
