[1,["b7HSwTb9NGfoiwNGsSit+h@6c48a"],["_textureSource"],["cc.SpriteFrame"],0,[{"name":"PawnFire00","rect":{"x":4,"y":1,"width":111,"height":188},"offset":{"x":-0.5,"y":0},"originalSize":{"width":120,"height":190},"rotated":false,"capInsets":[0,0,0,0],"vertices":{"rawPosition":[-55.5,-94,0,55.5,-94,0,-55.5,94,0,55.5,94,0],"indexes":[0,1,2,2,1,3],"uv":[4,189,115,189,4,1,115,1],"nuv":[0.03333333333333333,0.005263157894736842,0.9583333333333334,0.005263157894736842,0.03333333333333333,0.9947368421052631,0.9583333333333334,0.9947368421052631],"minPos":{"x":-55.5,"y":-94,"z":0},"maxPos":{"x":55.5,"y":94,"z":0}},"packable":true,"pixelsToUnit":100,"pivot":{"x":0.5,"y":0.5},"meshType":0}],[0],0,[0],[0],[0]]
