[1,["57Lvw3S0tJ362H8Z77zOPO@6c48a"],["_textureSource"],["cc.SpriteFrame"],0,[{"name":"borderButton","rect":{"x":1,"y":0,"width":1083,"height":165},"offset":{"x":0.5,"y":0},"originalSize":{"width":1084,"height":165},"rotated":false,"capInsets":[0,0,0,0],"vertices":{"rawPosition":[-541.5,-82.5,0,541.5,-82.5,0,-541.5,82.5,0,541.5,82.5,0],"indexes":[0,1,2,2,1,3],"uv":[1,165,1084,165,1,0,1084,0],"nuv":[0.0009225092250922509,0,1,0,0.0009225092250922509,1,1,1],"minPos":{"x":-541.5,"y":-82.5,"z":0},"maxPos":{"x":541.5,"y":82.5,"z":0}},"packable":true,"pixelsToUnit":100,"pivot":{"x":0.5,"y":0.5},"meshType":0}],[0],0,[0],[0],[0]]
