[1,["292wfXBVhJ26vMINanXBE0@6c48a"],["_textureSource"],["cc.SpriteFrame"],0,[{"name":"Spygame_TopRoundBG","rect":{"x":0,"y":0,"width":346,"height":104},"offset":{"x":0,"y":0},"originalSize":{"width":346,"height":104},"rotated":false,"capInsets":[0,0,0,0],"vertices":{"rawPosition":[-173,-52,0,173,-52,0,-173,52,0,173,52,0],"indexes":[0,1,2,2,1,3],"uv":[0,104,346,104,0,0,346,0],"nuv":[0,0,1,0,0,1,1,1],"minPos":{"x":-173,"y":-52,"z":0},"maxPos":{"x":173,"y":52,"z":0}},"packable":true,"pixelsToUnit":100,"pivot":{"x":0.5,"y":0.5},"meshType":0}],[0],0,[0],[0],[0]]
