[1,["a3/hmwoMhHIrriycpNvV5f@6c48a"],["_textureSource"],["cc.SpriteFrame"],0,[{"name":"Spygame_FinalScreenBoxBG","rect":{"x":0,"y":0,"width":825,"height":1040},"offset":{"x":0,"y":0},"originalSize":{"width":825,"height":1040},"rotated":false,"capInsets":[0,0,0,0],"vertices":{"rawPosition":[-412.5,-520,0,412.5,-520,0,-412.5,520,0,412.5,520,0],"indexes":[0,1,2,2,1,3],"uv":[0,1040,825,1040,0,0,825,0],"nuv":[0,0,1,0,0,1,1,1],"minPos":{"x":-412.5,"y":-520,"z":0},"maxPos":{"x":412.5,"y":520,"z":0}},"packable":true,"pixelsToUnit":100,"pivot":{"x":0.5,"y":0.5},"meshType":0}],[0],0,[0],[0],[0]]
