[1,["03oqU+fsZHd613qYvhtcNf@6c48a"],["_textureSource"],["cc.SpriteFrame"],0,[{"name":"Ludo_Arrow","rect":{"x":1,"y":10,"width":108,"height":107},"offset":{"x":0,"y":-4.5},"originalSize":{"width":110,"height":118},"rotated":false,"capInsets":[0,0,0,0],"vertices":{"rawPosition":[-54,-53.5,0,54,-53.5,0,-54,53.5,0,54,53.5,0],"indexes":[0,1,2,2,1,3],"uv":[1,108,109,108,1,1,109,1],"nuv":[0.00909090909090909,0.00847457627118644,0.990909090909091,0.00847457627118644,0.00909090909090909,0.9152542372881356,0.990909090909091,0.9152542372881356],"minPos":{"x":-54,"y":-53.5,"z":0},"maxPos":{"x":54,"y":53.5,"z":0}},"packable":true,"pixelsToUnit":100,"pivot":{"x":0.5,"y":0.5},"meshType":0}],[0],0,[0],[0],[0]]
