[1,["c1JhIGGrdC9qRlXjV3ojTq@6c48a"],["_textureSource"],["cc.SpriteFrame"],0,[{"name":"WinnerScreen_line","rect":{"x":5,"y":1,"width":842,"height":3},"offset":{"x":1,"y":-0.5},"originalSize":{"width":850,"height":4},"rotated":false,"capInsets":[0,0,0,0],"vertices":{"rawPosition":[-421,-1.5,0,421,-1.5,0,-421,1.5,0,421,1.5,0],"indexes":[0,1,2,2,1,3],"uv":[5,3,847,3,5,0,847,0],"nuv":[0.0058823529411764705,0,0.9964705882352941,0,0.0058823529411764705,0.75,0.9964705882352941,0.75],"minPos":{"x":-421,"y":-1.5,"z":0},"maxPos":{"x":421,"y":1.5,"z":0}},"packable":true,"pixelsToUnit":100,"pivot":{"x":0.5,"y":0.5},"meshType":0}],[0],0,[0],[0],[0]]
