[1,["c1t7C79jFOH626X1oqc3xB@6c48a"],["_textureSource"],["cc.SpriteFrame"],0,[{"name":"Close","rect":{"x":0,"y":0,"width":512,"height":512},"offset":{"x":0,"y":0},"originalSize":{"width":512,"height":512},"rotated":false,"capInsets":[0,0,0,0],"vertices":{"rawPosition":[-256,-256,0,256,-256,0,-256,256,0,256,256,0],"indexes":[0,1,2,2,1,3],"uv":[0,512,512,512,0,0,512,0],"nuv":[0,0,1,0,0,1,1,1],"minPos":{"x":-256,"y":-256,"z":0},"maxPos":{"x":256,"y":256,"z":0}},"packable":true,"pixelsToUnit":100,"pivot":{"x":0.5,"y":0.5},"meshType":0}],[0],0,[0],[0],[0]]
