[1,["21Tp3Sgf5Pcq2gcoSzk1R6@6c48a"],["_textureSource"],["cc.SpriteFrame"],0,[{"name":"Spygame_UserMic","rect":{"x":1,"y":0,"width":206,"height":175},"offset":{"x":0,"y":0.5},"originalSize":{"width":208,"height":176},"rotated":false,"capInsets":[0,0,0,0],"vertices":{"rawPosition":[-103,-87.5,0,103,-87.5,0,-103,87.5,0,103,87.5,0],"indexes":[0,1,2,2,1,3],"uv":[1,176,207,176,1,1,207,1],"nuv":[0.004807692307692308,0.005681818181818182,0.9951923076923077,0.005681818181818182,0.004807692307692308,1,0.9951923076923077,1],"minPos":{"x":-103,"y":-87.5,"z":0},"maxPos":{"x":103,"y":87.5,"z":0}},"packable":true,"pixelsToUnit":100,"pivot":{"x":0.5,"y":0.5},"meshType":0}],[0],0,[0],[0],[0]]
