[1,["e7XPmajZdD9Kw9X3cuJFAQ@6c48a"],["_textureSource"],["cc.SpriteFrame"],0,[{"name":"Spygame_WordBG","rect":{"x":0,"y":1,"width":601,"height":185},"offset":{"x":0,"y":-0.5},"originalSize":{"width":601,"height":186},"rotated":false,"capInsets":[0,0,0,0],"vertices":{"rawPosition":[-300.5,-92.5,0,300.5,-92.5,0,-300.5,92.5,0,300.5,92.5,0],"indexes":[0,1,2,2,1,3],"uv":[0,185,601,185,0,0,601,0],"nuv":[0,0,1,0,0,0.9946236559139785,1,0.9946236559139785],"minPos":{"x":-300.5,"y":-92.5,"z":0},"maxPos":{"x":300.5,"y":92.5,"z":0}},"packable":true,"pixelsToUnit":100,"pivot":{"x":0.5,"y":0.5},"meshType":0}],[0],0,[0],[0],[0]]
